Model,Average Accuracy,Final Accuracy
Classical Logistic Regression,0.7316666666666667,0.7583333333333333
Quantum VQC,0.7041666666666668,0.775
