Model,Final Training Loss,Average Training Loss
Classical NN,13548.8671875,14347.874332682291
Quantum NN,14723.532175334387,14731.536150514376
